Date,Pair,Order
2016-01-07 08:00:00,BTC_BURST,BUY
2016-01-07 08:00:00,BTC_VRC,BUY
2016-01-07 08:00:00,BTC_XPM,BUY
2016-01-07 08:00:00,BTC_POT,BUY
2016-01-07 08:00:00,BTC_DOGE,BUY
2016-01-16 16:00:00,BTC_VTC,BUY
2016-01-16 16:00:00,BTC_BTS,BUY
2016-01-16 16:00:00,BTC_MAID,BUY
2016-01-16 16:00:00,BTC_NAUT,BUY
2016-01-16 16:00:00,BTC_EXP,BUY
2016-01-16 16:00:00,BTC_VIA,BUY
2016-01-16 16:00:00,BTC_BLK,BUY
2016-01-16 16:00:00,BTC_NAV,BUY
2016-01-16 16:00:00,BTC_FCT,BUY
2016-01-16 16:00:00,BTC_SYS,BUY
2016-01-16 20:00:00,BTC_XRP,BUY
2016-01-16 20:00:00,BTC_VTC,BUY
2016-01-16 20:00:00,BTC_CLAM,BUY
2016-01-16 20:00:00,BTC_BURST,BUY
2016-01-16 20:00:00,BTC_RIC,BUY
2016-01-16 20:00:00,BTC_DASH,BUY
2016-01-16 20:00:00,BTC_OMNI,BUY
2016-01-16 20:00:00,BTC_HUC,BUY
2016-01-16 20:00:00,BTC_BELA,BUY
2016-01-16 20:00:00,BTC_VRC,BUY
2016-01-16 20:00:00,BTC_ETH,BUY
2016-01-18 16:00:00,BTC_PPC,BUY
2016-01-18 16:00:00,BTC_HUC,BUY
2016-01-18 16:00:00,BTC_ETH,BUY
2016-01-18 16:00:00,BTC_SC,BUY
2016-01-18 16:00:00,BTC_NAUT,BUY
2016-01-18 16:00:00,BTC_DASH,BUY
2016-01-18 16:00:00,BTC_VRC,BUY
2016-01-18 16:00:00,BTC_GRC,BUY
2016-01-18 16:00:00,BTC_BURST,BUY
2016-01-20 16:00:00,BTC_BTCD,BUY
2016-01-20 16:00:00,BTC_EXP,BUY
2016-01-20 16:00:00,BTC_NAUT,BUY
2016-01-20 16:00:00,BTC_XMR,BUY
2016-01-20 16:00:00,BTC_NXT,BUY
2016-01-20 16:00:00,BTC_MAID,BUY
2016-01-20 16:00:00,BTC_BURST,BUY
2016-01-21 04:00:00,BTC_EXP,BUY
2016-01-21 04:00:00,BTC_XMR,BUY
2016-01-21 04:00:00,BTC_BTM,BUY
2016-01-21 04:00:00,BTC_HUC,BUY
2016-01-21 04:00:00,BTC_XEM,BUY
2016-01-21 04:00:00,BTC_NOTE,BUY
2016-01-21 04:00:00,BTC_FLO,BUY
2016-01-21 04:00:00,BTC_XPM,BUY
2016-01-21 04:00:00,BTC_RIC,BUY
2016-01-21 04:00:00,BTC_SJCX,BUY
2016-01-21 04:00:00,BTC_DASH,BUY
2016-02-04 20:00:00,BTC_SYS,BUY
2016-02-04 20:00:00,BTC_GAME,BUY
2016-02-04 20:00:00,BTC_EXP,BUY
2016-02-04 20:00:00,BTC_RIC,BUY
2016-02-04 20:00:00,BTC_NEOS,BUY
2016-02-04 20:00:00,BTC_PINK,BUY
2016-02-16 08:00:00,BTC_VRC,SELL
2016-02-16 08:00:00,BTC_XPM,SELL
2016-02-16 08:00:00,BTC_DOGE,SELL
2016-02-16 08:00:00,BTC_BURST,SELL
2016-02-16 08:00:00,BTC_POT,SELL
2016-02-25 16:00:00,BTC_VIA,SELL
2016-02-25 16:00:00,BTC_NAV,SELL
2016-02-25 16:00:00,BTC_VTC,SELL
2016-02-25 16:00:00,BTC_FCT,SELL
2016-02-25 16:00:00,BTC_BTS,SELL
2016-02-25 16:00:00,BTC_SYS,SELL
2016-02-25 16:00:00,BTC_EXP,SELL
2016-02-25 16:00:00,BTC_MAID,SELL
2016-02-25 16:00:00,BTC_BLK,SELL
2016-02-25 16:00:00,BTC_NAUT,SELL
2016-02-25 20:00:00,BTC_OMNI,SELL
2016-02-25 20:00:00,BTC_CLAM,SELL
2016-02-25 20:00:00,BTC_VTC,SELL
2016-02-25 20:00:00,BTC_BURST,SELL
2016-02-25 20:00:00,BTC_DASH,SELL
2016-02-25 20:00:00,BTC_RIC,SELL
2016-02-25 20:00:00,BTC_ETH,SELL
2016-02-25 20:00:00,BTC_HUC,SELL
2016-02-25 20:00:00,BTC_BELA,SELL
2016-02-25 20:00:00,BTC_VRC,SELL
2016-02-25 20:00:00,BTC_XRP,SELL
2016-02-27 16:00:00,BTC_VRC,SELL
2016-02-27 16:00:00,BTC_HUC,SELL
2016-02-27 16:00:00,BTC_ETH,SELL
2016-02-27 16:00:00,BTC_DASH,SELL
2016-02-27 16:00:00,BTC_GRC,SELL
2016-02-27 16:00:00,BTC_PPC,SELL
2016-02-27 16:00:00,BTC_BURST,SELL
2016-02-27 16:00:00,BTC_SC,SELL
2016-02-27 16:00:00,BTC_NAUT,SELL
2016-02-29 16:00:00,BTC_MAID,SELL
2016-02-29 16:00:00,BTC_BURST,SELL
2016-02-29 16:00:00,BTC_EXP,SELL
2016-02-29 16:00:00,BTC_NAUT,SELL
2016-02-29 16:00:00,BTC_XMR,SELL
2016-02-29 16:00:00,BTC_BTCD,SELL
2016-02-29 16:00:00,BTC_NXT,SELL
2016-03-01 04:00:00,BTC_XMR,SELL
2016-03-01 04:00:00,BTC_RIC,SELL
2016-03-01 04:00:00,BTC_DASH,SELL
2016-03-01 04:00:00,BTC_HUC,SELL
2016-03-01 04:00:00,BTC_XPM,SELL
2016-03-01 04:00:00,BTC_NOTE,SELL
2016-03-01 04:00:00,BTC_EXP,SELL
2016-03-01 04:00:00,BTC_FLO,SELL
2016-03-01 04:00:00,BTC_BTM,SELL
2016-03-01 04:00:00,BTC_XEM,SELL
2016-03-01 04:00:00,BTC_SJCX,SELL
2016-03-13 20:00:00,BTC_XVC,BUY
2016-03-13 20:00:00,BTC_GRC,BUY
2016-03-13 20:00:00,BTC_BCY,BUY
2016-03-13 20:00:00,BTC_SC,BUY
2016-03-13 20:00:00,BTC_NOTE,BUY
2016-03-13 20:00:00,BTC_MAID,BUY
2016-03-13 20:00:00,BTC_DASH,BUY
2016-03-13 20:00:00,BTC_OMNI,BUY
2016-03-13 20:00:00,BTC_SJCX,BUY
2016-03-15 20:00:00,BTC_GAME,SELL
2016-03-15 20:00:00,BTC_NEOS,SELL
2016-03-15 20:00:00,BTC_RIC,SELL
2016-03-15 20:00:00,BTC_PINK,SELL
2016-03-15 20:00:00,BTC_EXP,SELL
2016-03-15 20:00:00,BTC_SYS,SELL
2016-04-22 20:00:00,BTC_GRC,SELL
2016-04-22 20:00:00,BTC_SC,SELL
2016-04-22 20:00:00,BTC_BCY,SELL
2016-04-22 20:00:00,BTC_DASH,SELL
2016-04-22 20:00:00,BTC_SJCX,SELL
2016-04-22 20:00:00,BTC_MAID,SELL
2016-04-22 20:00:00,BTC_NOTE,SELL
2016-04-22 20:00:00,BTC_OMNI,SELL
2016-04-22 20:00:00,BTC_XVC,SELL
2016-05-28 08:00:00,BTC_SC,BUY
2016-05-28 08:00:00,BTC_SJCX,BUY
2016-05-28 08:00:00,BTC_LSK,BUY
2016-05-28 08:00:00,BTC_BELA,BUY
2016-05-28 08:00:00,BTC_NOTE,BUY
2016-05-28 08:00:00,BTC_SYS,BUY
2016-05-28 08:00:00,BTC_DOGE,BUY
2016-05-28 08:00:00,BTC_NAUT,BUY
2016-05-28 08:00:00,BTC_GAME,BUY
2016-05-28 08:00:00,BTC_BCY,BUY
2016-05-28 08:00:00,BTC_PINK,BUY
2016-05-28 08:00:00,BTC_CLAM,BUY
2016-05-28 08:00:00,BTC_XPM,BUY
2016-05-29 04:00:00,BTC_SC,BUY
2016-05-29 04:00:00,BTC_SYS,BUY
2016-05-29 04:00:00,BTC_GAME,BUY
2016-05-29 04:00:00,BTC_ETH,BUY
2016-05-29 04:00:00,BTC_FLDC,BUY
2016-05-29 04:00:00,BTC_FCT,BUY
2016-05-29 04:00:00,BTC_VRC,BUY
2016-05-29 04:00:00,BTC_AMP,BUY
2016-05-29 04:00:00,BTC_RADS,BUY
2016-05-29 04:00:00,BTC_LSK,BUY
2016-05-29 04:00:00,BTC_BLK,BUY
2016-05-29 04:00:00,BTC_XVC,BUY
2016-05-29 04:00:00,BTC_PINK,BUY
2016-05-29 04:00:00,BTC_VTC,BUY
2016-05-29 04:00:00,BTC_NOTE,BUY
2016-05-29 04:00:00,BTC_BURST,BUY
2016-05-29 20:00:00,BTC_XPM,BUY
2016-05-29 20:00:00,BTC_GRC,BUY
2016-05-29 20:00:00,BTC_RIC,BUY
2016-05-29 20:00:00,BTC_NOTE,BUY
2016-06-03 16:00:00,BTC_VRC,BUY
2016-06-03 16:00:00,BTC_FLDC,BUY
2016-06-03 16:00:00,BTC_VTC,BUY
2016-06-03 16:00:00,BTC_NAUT,BUY
2016-06-03 16:00:00,BTC_BELA,BUY
2016-06-03 16:00:00,BTC_SYS,BUY
2016-06-03 16:00:00,BTC_AMP,BUY
2016-06-03 16:00:00,BTC_OMNI,BUY
2016-06-03 16:00:00,BTC_NEOS,BUY
2016-06-03 16:00:00,BTC_GAME,BUY
2016-06-03 16:00:00,BTC_XVC,BUY
2016-06-03 16:00:00,BTC_RIC,BUY
2016-06-03 16:00:00,BTC_DGB,BUY
2016-06-03 20:00:00,BTC_CLAM,BUY
2016-06-03 20:00:00,BTC_POT,BUY
2016-06-03 20:00:00,BTC_BCN,BUY
2016-06-03 20:00:00,BTC_EMC2,BUY
2016-06-03 20:00:00,BTC_BCY,BUY
2016-06-03 20:00:00,BTC_XCP,BUY
2016-06-03 20:00:00,BTC_PINK,BUY
2016-06-12 04:00:00,BTC_NEOS,BUY
2016-06-12 04:00:00,BTC_BTM,BUY
2016-06-12 04:00:00,BTC_BURST,BUY
2016-06-12 04:00:00,BTC_DCR,BUY
2016-06-12 04:00:00,BTC_NOTE,BUY
2016-06-12 04:00:00,BTC_XCP,BUY
2016-06-12 16:00:00,BTC_POT,BUY
2016-06-12 16:00:00,BTC_AMP,BUY
2016-06-12 16:00:00,BTC_BTCD,BUY
2016-06-12 16:00:00,BTC_BCY,BUY
2016-06-12 16:00:00,BTC_BTM,BUY
2016-06-12 16:00:00,BTC_VRC,BUY
2016-06-12 16:00:00,BTC_FLDC,BUY
2016-06-12 16:00:00,BTC_RIC,BUY
2016-06-12 16:00:00,BTC_BELA,BUY
2016-06-12 16:00:00,BTC_NAV,BUY
2016-06-12 16:00:00,BTC_FLO,BUY
2016-06-12 16:00:00,BTC_XVC,BUY
2016-06-12 16:00:00,BTC_GRC,BUY
2016-06-13 04:00:00,BTC_BTM,BUY
2016-06-13 04:00:00,BTC_PPC,BUY
2016-06-13 04:00:00,BTC_NOTE,BUY
2016-06-13 04:00:00,BTC_AMP,BUY
2016-06-13 04:00:00,BTC_DCR,BUY
2016-06-13 04:00:00,BTC_BTCD,BUY
2016-06-13 04:00:00,BTC_FLDC,BUY
2016-06-13 04:00:00,BTC_PINK,BUY
2016-06-13 04:00:00,BTC_NEOS,BUY
2016-06-13 04:00:00,BTC_RIC,BUY
2016-06-13 04:00:00,BTC_FLO,BUY
2016-06-13 04:00:00,BTC_NMC,BUY
2016-06-13 08:00:00,BTC_VTC,BUY
2016-06-13 08:00:00,BTC_SJCX,BUY
2016-06-13 08:00:00,BTC_PPC,BUY
2016-06-13 08:00:00,BTC_GRC,BUY
2016-06-13 08:00:00,BTC_POT,BUY
2016-06-13 08:00:00,BTC_VIA,BUY
2016-06-13 08:00:00,BTC_EMC2,BUY
2016-06-13 08:00:00,BTC_CLAM,BUY
2016-06-13 08:00:00,BTC_BCN,BUY
2016-06-13 08:00:00,BTC_BLK,BUY
2016-06-13 08:00:00,BTC_XMR,BUY
2016-06-13 08:00:00,BTC_XVC,BUY
2016-06-13 08:00:00,BTC_EXP,BUY
2016-06-13 08:00:00,BTC_XPM,BUY
2016-06-16 04:00:00,BTC_NOTE,BUY
2016-06-16 04:00:00,BTC_XCP,BUY
2016-06-16 04:00:00,BTC_NMC,BUY
2016-06-16 04:00:00,BTC_PPC,BUY
2016-06-16 04:00:00,BTC_BCN,BUY
2016-06-16 04:00:00,BTC_POT,BUY
2016-06-16 04:00:00,BTC_BLK,BUY
2016-06-16 04:00:00,BTC_XPM,BUY
2016-06-16 04:00:00,BTC_BCY,BUY
2016-06-16 04:00:00,BTC_CLAM,BUY
2016-06-16 04:00:00,BTC_PINK,BUY
2016-06-16 20:00:00,BTC_FLDC,BUY
2016-06-16 20:00:00,BTC_FLO,BUY
2016-06-16 20:00:00,BTC_EMC2,BUY
2016-06-16 20:00:00,BTC_PPC,BUY
2016-06-16 20:00:00,BTC_XCP,BUY
2016-06-16 20:00:00,BTC_NEOS,BUY
2016-06-16 20:00:00,BTC_HUC,BUY
2016-06-16 20:00:00,BTC_BCY,BUY
2016-06-18 20:00:00,BTC_NOTE,BUY
2016-06-18 20:00:00,BTC_POT,BUY
2016-06-18 20:00:00,BTC_BTCD,BUY
2016-06-18 20:00:00,BTC_BURST,BUY
2016-06-18 20:00:00,BTC_XBC,BUY
2016-06-18 20:00:00,BTC_BCY,BUY
2016-06-18 20:00:00,BTC_ETH,BUY
2016-06-22 04:00:00,BTC_NAV,BUY
2016-06-22 04:00:00,BTC_POT,BUY
2016-06-22 04:00:00,BTC_XVC,BUY
2016-06-22 04:00:00,BTC_NOTE,BUY
2016-06-22 04:00:00,BTC_DASH,BUY
2016-06-22 04:00:00,BTC_BLK,BUY
2016-06-22 04:00:00,BTC_AMP,BUY
2016-06-22 04:00:00,BTC_CLAM,BUY
2016-06-22 04:00:00,BTC_EXP,BUY
2016-06-22 04:00:00,BTC_XBC,BUY
2016-06-23 08:00:00,BTC_GRC,BUY
2016-06-23 08:00:00,BTC_FLDC,BUY
2016-06-23 08:00:00,BTC_NAUT,BUY
2016-06-23 08:00:00,BTC_BTCD,BUY
2016-06-23 08:00:00,BTC_AMP,BUY
2016-06-23 08:00:00,BTC_PPC,BUY
2016-06-23 08:00:00,BTC_CLAM,BUY
2016-06-23 08:00:00,BTC_FLO,BUY
2016-06-23 08:00:00,BTC_SC,BUY
2016-06-23 20:00:00,BTC_STR,BUY
2016-06-23 20:00:00,BTC_NAUT,BUY
2016-06-23 20:00:00,BTC_GRC,BUY
2016-06-23 20:00:00,BTC_VRC,BUY
2016-06-23 20:00:00,BTC_EXP,BUY
2016-06-23 20:00:00,BTC_XRP,BUY
2016-06-23 20:00:00,BTC_BURST,BUY
2016-06-23 20:00:00,BTC_HUC,BUY
2016-06-23 20:00:00,BTC_OMNI,BUY
2016-06-23 20:00:00,BTC_FLDC,BUY
2016-06-24 04:00:00,BTC_CLAM,BUY
2016-06-24 04:00:00,BTC_BCY,BUY
2016-06-24 04:00:00,BTC_RIC,BUY
2016-06-24 04:00:00,BTC_BLK,BUY
2016-06-24 04:00:00,BTC_MAID,BUY
2016-06-24 04:00:00,BTC_VRC,BUY
2016-06-24 04:00:00,BTC_NAUT,BUY
2016-06-24 04:00:00,BTC_PINK,BUY
2016-06-24 04:00:00,BTC_BURST,BUY
2016-06-24 04:00:00,BTC_NEOS,BUY
2016-06-24 04:00:00,BTC_BTCD,BUY
2016-06-24 04:00:00,BTC_POT,BUY
2016-06-24 04:00:00,BTC_NMC,BUY
2016-06-24 04:00:00,BTC_BCN,BUY
2016-06-24 04:00:00,BTC_NXT,BUY
2016-06-24 04:00:00,BTC_RADS,BUY
2016-06-24 04:00:00,BTC_FLO,BUY
2016-06-24 08:00:00,BTC_XPM,BUY
2016-06-24 08:00:00,BTC_EMC2,BUY
2016-06-24 08:00:00,BTC_HUC,BUY
2016-06-24 08:00:00,BTC_OMNI,BUY
2016-06-24 08:00:00,BTC_GAME,BUY
2016-06-24 08:00:00,BTC_XMR,BUY
2016-06-24 08:00:00,BTC_BURST,BUY
2016-06-25 04:00:00,BTC_RIC,BUY
2016-06-25 04:00:00,BTC_CLAM,BUY
2016-06-25 04:00:00,BTC_NOTE,BUY
2016-06-25 04:00:00,BTC_BTS,BUY
2016-06-25 04:00:00,BTC_FLDC,BUY
2016-06-25 04:00:00,BTC_SJCX,BUY
2016-06-25 04:00:00,BTC_XBC,BUY
2016-06-27 04:00:00,BTC_RIC,BUY
2016-06-27 04:00:00,BTC_POT,BUY
2016-06-27 04:00:00,BTC_SYS,BUY
2016-06-27 04:00:00,BTC_XCP,BUY
2016-06-27 04:00:00,BTC_BCY,BUY
2016-06-27 04:00:00,BTC_PINK,BUY
2016-06-27 04:00:00,BTC_SJCX,BUY
2016-06-27 04:00:00,BTC_GAME,BUY
2016-06-27 04:00:00,BTC_MAID,BUY
2016-06-27 20:00:00,BTC_VRC,BUY
2016-06-27 20:00:00,BTC_NAV,BUY
2016-06-27 20:00:00,BTC_LSK,BUY
2016-06-27 20:00:00,BTC_SC,BUY
2016-06-27 20:00:00,BTC_EXP,BUY
2016-06-27 20:00:00,BTC_SYS,BUY
2016-06-27 20:00:00,BTC_FLO,BUY
2016-06-30 16:00:00,BTC_FLO,BUY
2016-06-30 16:00:00,BTC_SC,BUY
2016-06-30 16:00:00,BTC_EMC2,BUY
2016-06-30 16:00:00,BTC_LSK,BUY
2016-06-30 16:00:00,BTC_XBC,BUY
2016-06-30 16:00:00,BTC_BELA,BUY
2016-06-30 16:00:00,BTC_CLAM,BUY
2016-06-30 16:00:00,BTC_GAME,BUY
2016-06-30 16:00:00,BTC_BCY,BUY
2016-06-30 16:00:00,BTC_AMP,BUY
2016-06-30 16:00:00,BTC_NEOS,BUY
2016-07-02 16:00:00,BTC_NAV,BUY
2016-07-02 16:00:00,BTC_NXT,BUY
2016-07-02 16:00:00,BTC_HUC,BUY
2016-07-02 16:00:00,BTC_FLDC,BUY
2016-07-02 16:00:00,BTC_VIA,BUY
2016-07-02 16:00:00,BTC_BCY,BUY
2016-07-02 16:00:00,BTC_FLO,BUY
2016-07-02 16:00:00,BTC_DCR,BUY
2016-07-07 08:00:00,BTC_NAUT,SELL
2016-07-07 08:00:00,BTC_NOTE,SELL
2016-07-07 08:00:00,BTC_SJCX,SELL
2016-07-07 08:00:00,BTC_BELA,SELL
2016-07-07 08:00:00,BTC_BCY,SELL
2016-07-07 08:00:00,BTC_DOGE,SELL
2016-07-07 08:00:00,BTC_SC,SELL
2016-07-07 08:00:00,BTC_SYS,SELL
2016-07-07 08:00:00,BTC_GAME,SELL
2016-07-07 08:00:00,BTC_LSK,SELL
2016-07-07 08:00:00,BTC_XPM,SELL
2016-07-07 08:00:00,BTC_CLAM,SELL
2016-07-07 08:00:00,BTC_PINK,SELL
2016-07-08 04:00:00,BTC_LSK,SELL
2016-07-08 04:00:00,BTC_RADS,SELL
2016-07-08 04:00:00,BTC_EMC2,BUY
2016-07-08 04:00:00,BTC_PINK,BUY
2016-07-08 04:00:00,BTC_BTCD,BUY
2016-07-08 04:00:00,BTC_FLDC,BUY
2016-07-08 04:00:00,BTC_VRC,SELL
2016-07-08 04:00:00,BTC_NXT,BUY
2016-07-08 04:00:00,BTC_AMP,SELL
2016-07-08 04:00:00,BTC_BTM,BUY
2016-07-08 04:00:00,BTC_NOTE,SELL
2016-07-08 04:00:00,BTC_FLDC,SELL
2016-07-08 04:00:00,BTC_FCT,SELL
2016-07-08 04:00:00,BTC_XEM,BUY
2016-07-08 04:00:00,BTC_ETH,SELL
2016-07-08 04:00:00,BTC_BURST,SELL
2016-07-08 04:00:00,BTC_SC,SELL
2016-07-08 04:00:00,BTC_VTC,BUY
2016-07-08 04:00:00,BTC_PINK,SELL
2016-07-08 04:00:00,BTC_DCR,BUY
2016-07-08 04:00:00,BTC_GAME,SELL
2016-07-08 04:00:00,BTC_BELA,BUY
2016-07-08 04:00:00,BTC_XVC,SELL
2016-07-08 04:00:00,BTC_BLK,SELL
2016-07-08 04:00:00,BTC_VTC,SELL
2016-07-08 04:00:00,BTC_SYS,SELL
2016-07-08 20:00:00,BTC_NOTE,SELL
2016-07-08 20:00:00,BTC_GRC,SELL
2016-07-08 20:00:00,BTC_XPM,SELL
2016-07-08 20:00:00,BTC_RIC,SELL
2016-07-12 20:00:00,BTC_NXT,BUY
2016-07-12 20:00:00,BTC_GRC,BUY
2016-07-12 20:00:00,BTC_VTC,BUY
2016-07-12 20:00:00,BTC_BLK,BUY
2016-07-12 20:00:00,BTC_NAV,BUY
2016-07-12 20:00:00,BTC_XCP,BUY
2016-07-12 20:00:00,BTC_NAUT,BUY
2016-07-12 20:00:00,BTC_CLAM,BUY
2016-07-12 20:00:00,BTC_VRC,BUY
2016-07-13 16:00:00,BTC_BELA,SELL
2016-07-13 16:00:00,BTC_OMNI,SELL
2016-07-13 16:00:00,BTC_XVC,SELL
2016-07-13 16:00:00,BTC_RIC,SELL
2016-07-13 16:00:00,BTC_VTC,SELL
2016-07-13 16:00:00,BTC_VRC,SELL
2016-07-13 16:00:00,BTC_DGB,SELL
2016-07-13 16:00:00,BTC_FLDC,SELL
2016-07-13 16:00:00,BTC_NAUT,SELL
2016-07-13 16:00:00,BTC_GAME,SELL
2016-07-13 16:00:00,BTC_AMP,SELL
2016-07-13 16:00:00,BTC_SYS,SELL
2016-07-13 16:00:00,BTC_NEOS,SELL
2016-07-13 20:00:00,BTC_POT,SELL
2016-07-13 20:00:00,BTC_EMC2,SELL
2016-07-13 20:00:00,BTC_XCP,SELL
2016-07-13 20:00:00,BTC_PINK,SELL
2016-07-13 20:00:00,BTC_CLAM,SELL
2016-07-13 20:00:00,BTC_BCN,SELL
2016-07-13 20:00:00,BTC_BCY,SELL
2016-07-22 04:00:00,BTC_DCR,SELL
2016-07-22 04:00:00,BTC_XCP,SELL
2016-07-22 04:00:00,BTC_NEOS,SELL
2016-07-22 04:00:00,BTC_BTM,SELL
2016-07-22 04:00:00,BTC_NOTE,SELL
2016-07-22 04:00:00,BTC_BURST,SELL
2016-07-22 16:00:00,BTC_XVC,SELL
2016-07-22 16:00:00,BTC_POT,SELL
2016-07-22 16:00:00,BTC_GRC,SELL
2016-07-22 16:00:00,BTC_AMP,SELL
2016-07-22 16:00:00,BTC_VRC,SELL
2016-07-22 16:00:00,BTC_BTM,SELL
2016-07-22 16:00:00,BTC_BELA,SELL
2016-07-22 16:00:00,BTC_BCY,SELL
2016-07-22 16:00:00,BTC_RIC,SELL
2016-07-22 16:00:00,BTC_BTCD,SELL
2016-07-22 16:00:00,BTC_FLO,SELL
2016-07-22 16:00:00,BTC_NAV,SELL
2016-07-22 16:00:00,BTC_FLDC,SELL
2016-07-23 04:00:00,BTC_NEOS,SELL
2016-07-23 04:00:00,BTC_AMP,SELL
2016-07-23 04:00:00,BTC_DCR,SELL
2016-07-23 04:00:00,BTC_FLO,SELL
2016-07-23 04:00:00,BTC_BTCD,SELL
2016-07-23 04:00:00,BTC_FLDC,SELL
2016-07-23 04:00:00,BTC_BTM,SELL
2016-07-23 04:00:00,BTC_RIC,SELL
2016-07-23 04:00:00,BTC_NMC,SELL
2016-07-23 04:00:00,BTC_PPC,SELL
2016-07-23 04:00:00,BTC_PINK,SELL
2016-07-23 04:00:00,BTC_NOTE,SELL
2016-07-23 08:00:00,BTC_VIA,SELL
2016-07-23 08:00:00,BTC_EMC2,SELL
2016-07-23 08:00:00,BTC_EXP,SELL
2016-07-23 08:00:00,BTC_GRC,SELL
2016-07-23 08:00:00,BTC_POT,SELL
2016-07-23 08:00:00,BTC_BLK,SELL
2016-07-23 08:00:00,BTC_XMR,SELL
2016-07-23 08:00:00,BTC_PPC,SELL
2016-07-23 08:00:00,BTC_XPM,SELL
2016-07-23 08:00:00,BTC_XVC,SELL
2016-07-23 08:00:00,BTC_SJCX,SELL
2016-07-23 08:00:00,BTC_BCN,SELL
2016-07-23 08:00:00,BTC_VTC,SELL
2016-07-23 08:00:00,BTC_CLAM,SELL
2016-07-26 04:00:00,BTC_BLK,SELL
2016-07-26 04:00:00,BTC_XPM,SELL
2016-07-26 04:00:00,BTC_NMC,SELL
2016-07-26 04:00:00,BTC_BCN,SELL
2016-07-26 04:00:00,BTC_BCY,SELL
2016-07-26 04:00:00,BTC_PPC,SELL
2016-07-26 04:00:00,BTC_PINK,SELL
2016-07-26 04:00:00,BTC_XCP,SELL
2016-07-26 04:00:00,BTC_NOTE,SELL
2016-07-26 04:00:00,BTC_POT,SELL
2016-07-26 04:00:00,BTC_CLAM,SELL
2016-07-26 20:00:00,BTC_HUC,SELL
2016-07-26 20:00:00,BTC_BCY,SELL
2016-07-26 20:00:00,BTC_FLDC,SELL
2016-07-26 20:00:00,BTC_NEOS,SELL
2016-07-26 20:00:00,BTC_XCP,SELL
2016-07-26 20:00:00,BTC_PPC,SELL
2016-07-26 20:00:00,BTC_FLO,SELL
2016-07-26 20:00:00,BTC_EMC2,SELL
2016-07-28 20:00:00,BTC_XBC,SELL
2016-07-28 20:00:00,BTC_BCY,SELL
2016-07-28 20:00:00,BTC_ETH,SELL
2016-07-28 20:00:00,BTC_NOTE,SELL
2016-07-28 20:00:00,BTC_POT,SELL
2016-07-28 20:00:00,BTC_BURST,SELL
2016-07-28 20:00:00,BTC_BTCD,SELL
2016-08-01 04:00:00,BTC_AMP,SELL
2016-08-01 04:00:00,BTC_POT,SELL
2016-08-01 04:00:00,BTC_NOTE,SELL
2016-08-01 04:00:00,BTC_BLK,SELL
2016-08-01 04:00:00,BTC_XVC,SELL
2016-08-01 04:00:00,BTC_NAV,SELL
2016-08-01 04:00:00,BTC_EXP,SELL
2016-08-01 04:00:00,BTC_DASH,SELL
2016-08-01 04:00:00,BTC_CLAM,SELL
2016-08-01 04:00:00,BTC_XBC,SELL
2016-08-02 08:00:00,BTC_AMP,SELL
2016-08-02 08:00:00,BTC_FLDC,SELL
2016-08-02 08:00:00,BTC_BTCD,SELL
2016-08-02 08:00:00,BTC_GRC,SELL
2016-08-02 08:00:00,BTC_FLO,SELL
2016-08-02 08:00:00,BTC_PPC,SELL
2016-08-02 08:00:00,BTC_CLAM,SELL
2016-08-02 08:00:00,BTC_SC,SELL
2016-08-02 08:00:00,BTC_NAUT,SELL
2016-08-02 20:00:00,BTC_STR,SELL
2016-08-02 20:00:00,BTC_EXP,SELL
2016-08-02 20:00:00,BTC_FLDC,SELL
2016-08-02 20:00:00,BTC_GRC,SELL
2016-08-02 20:00:00,BTC_HUC,SELL
2016-08-02 20:00:00,BTC_VRC,SELL
2016-08-02 20:00:00,BTC_NAUT,SELL
2016-08-02 20:00:00,BTC_XRP,SELL
2016-08-02 20:00:00,BTC_BURST,SELL
2016-08-02 20:00:00,BTC_OMNI,SELL
2016-08-03 04:00:00,BTC_RIC,SELL
2016-08-03 04:00:00,BTC_FLO,SELL
2016-08-03 04:00:00,BTC_CLAM,SELL
2016-08-03 04:00:00,BTC_MAID,SELL
2016-08-03 04:00:00,BTC_NAUT,SELL
2016-08-03 04:00:00,BTC_NEOS,SELL
2016-08-03 04:00:00,BTC_NMC,SELL
2016-08-03 04:00:00,BTC_BCN,SELL
2016-08-03 04:00:00,BTC_BURST,SELL
2016-08-03 04:00:00,BTC_NXT,SELL
2016-08-03 04:00:00,BTC_BCY,SELL
2016-08-03 04:00:00,BTC_RADS,SELL
2016-08-03 04:00:00,BTC_POT,SELL
2016-08-03 04:00:00,BTC_VRC,SELL
2016-08-03 04:00:00,BTC_BLK,SELL
2016-08-03 04:00:00,BTC_PINK,SELL
2016-08-03 04:00:00,BTC_BTCD,SELL
2016-08-03 08:00:00,BTC_GAME,SELL
2016-08-03 08:00:00,BTC_XPM,SELL
2016-08-03 08:00:00,BTC_BURST,SELL
2016-08-03 08:00:00,BTC_EMC2,SELL
2016-08-03 08:00:00,BTC_XMR,SELL
2016-08-03 08:00:00,BTC_HUC,SELL
2016-08-03 08:00:00,BTC_OMNI,SELL
2016-08-03 16:00:00,BTC_ETC,BUY
2016-08-03 16:00:00,BTC_BCY,BUY
2016-08-03 16:00:00,BTC_FLO,BUY
2016-08-03 16:00:00,BTC_XMR,BUY
2016-08-03 16:00:00,BTC_NAV,BUY
2016-08-03 16:00:00,BTC_NXT,BUY
2016-08-03 16:00:00,BTC_STR,BUY
2016-08-03 16:00:00,BTC_BLK,BUY
2016-08-03 16:00:00,BTC_NAUT,BUY
2016-08-03 16:00:00,BTC_VTC,BUY
2016-08-03 16:00:00,BTC_BURST,BUY
2016-08-03 16:00:00,BTC_STEEM,BUY
2016-08-04 04:00:00,BTC_NOTE,SELL
2016-08-04 04:00:00,BTC_BTS,SELL
2016-08-04 04:00:00,BTC_SJCX,SELL
2016-08-04 04:00:00,BTC_FLDC,SELL
2016-08-04 04:00:00,BTC_RIC,SELL
2016-08-04 04:00:00,BTC_CLAM,SELL
2016-08-04 04:00:00,BTC_XBC,SELL
2016-08-06 04:00:00,BTC_XCP,SELL
2016-08-06 04:00:00,BTC_MAID,SELL
2016-08-06 04:00:00,BTC_SYS,SELL
2016-08-06 04:00:00,BTC_PINK,SELL
2016-08-06 04:00:00,BTC_POT,SELL
2016-08-06 04:00:00,BTC_GAME,SELL
2016-08-06 04:00:00,BTC_SJCX,SELL
2016-08-06 04:00:00,BTC_RIC,SELL
2016-08-06 04:00:00,BTC_BCY,SELL
2016-08-06 20:00:00,BTC_EXP,SELL
2016-08-06 20:00:00,BTC_FLO,SELL
2016-08-06 20:00:00,BTC_SC,SELL
2016-08-06 20:00:00,BTC_NAV,SELL
2016-08-06 20:00:00,BTC_SYS,SELL
2016-08-06 20:00:00,BTC_VRC,SELL
2016-08-06 20:00:00,BTC_LSK,SELL
2016-08-09 16:00:00,BTC_LSK,SELL
2016-08-09 16:00:00,BTC_AMP,SELL
2016-08-09 16:00:00,BTC_EMC2,SELL
2016-08-09 16:00:00,BTC_GAME,SELL
2016-08-09 16:00:00,BTC_CLAM,SELL
2016-08-09 16:00:00,BTC_BCY,SELL
2016-08-09 16:00:00,BTC_BELA,SELL
2016-08-09 16:00:00,BTC_XBC,SELL
2016-08-09 16:00:00,BTC_NEOS,SELL
2016-08-09 16:00:00,BTC_FLO,SELL
2016-08-09 16:00:00,BTC_SC,SELL
2016-08-11 16:00:00,BTC_NXT,SELL
2016-08-11 16:00:00,BTC_DCR,SELL
2016-08-11 16:00:00,BTC_NAV,SELL
2016-08-11 16:00:00,BTC_FLO,SELL
2016-08-11 16:00:00,BTC_VIA,SELL
2016-08-11 16:00:00,BTC_BCY,SELL
2016-08-11 16:00:00,BTC_HUC,SELL
2016-08-11 16:00:00,BTC_FLDC,SELL
2016-08-17 04:00:00,BTC_BTCD,SELL
2016-08-17 04:00:00,BTC_PINK,SELL
2016-08-17 04:00:00,BTC_BTM,SELL
2016-08-17 04:00:00,BTC_XEM,SELL
2016-08-17 04:00:00,BTC_VTC,SELL
2016-08-17 04:00:00,BTC_NXT,SELL
2016-08-17 04:00:00,BTC_EMC2,SELL
2016-08-17 04:00:00,BTC_DCR,SELL
2016-08-17 04:00:00,BTC_FLDC,SELL
2016-08-17 04:00:00,BTC_BELA,SELL
2016-08-21 20:00:00,BTC_XCP,SELL
2016-08-21 20:00:00,BTC_CLAM,SELL
2016-08-21 20:00:00,BTC_GRC,SELL
2016-08-21 20:00:00,BTC_BLK,SELL
2016-08-21 20:00:00,BTC_VTC,SELL
2016-08-21 20:00:00,BTC_NXT,SELL
2016-08-21 20:00:00,BTC_NAV,SELL
2016-08-21 20:00:00,BTC_VRC,SELL
2016-08-21 20:00:00,BTC_NAUT,SELL
2016-09-12 16:00:00,BTC_NAV,SELL
2016-09-12 16:00:00,BTC_ETC,SELL
2016-09-12 16:00:00,BTC_STR,SELL
2016-09-12 16:00:00,BTC_STEEM,SELL
2016-09-12 16:00:00,BTC_BURST,SELL
2016-09-12 16:00:00,BTC_NAUT,SELL
2016-09-12 16:00:00,BTC_XMR,SELL
2016-09-12 16:00:00,BTC_BCY,SELL
2016-09-12 16:00:00,BTC_NXT,SELL
2016-09-12 16:00:00,BTC_FLO,SELL
2016-09-12 16:00:00,BTC_BLK,SELL
2016-09-12 16:00:00,BTC_VTC,SELL
2016-10-10 08:00:00,BTC_LBC,BUY
2016-10-10 08:00:00,BTC_NAUT,BUY
2016-10-10 08:00:00,BTC_XEM,BUY
2016-10-10 08:00:00,BTC_BTM,BUY
2016-10-10 08:00:00,BTC_XPM,BUY
2016-10-10 08:00:00,BTC_STEEM,BUY
2016-10-10 08:00:00,BTC_DCR,BUY
2016-10-10 08:00:00,BTC_BELA,BUY
2016-10-23 00:00:00,BTC_BTM,BUY
2016-10-23 00:00:00,BTC_SJCX,BUY
2016-10-23 00:00:00,BTC_EMC2,BUY
2016-10-23 00:00:00,BTC_FLO,BUY
2016-10-23 00:00:00,BTC_XVC,BUY
2016-10-23 00:00:00,BTC_PINK,BUY
2016-11-09 12:00:00,BTC_POT,BUY
2016-11-09 12:00:00,BTC_BCN,BUY
2016-11-09 12:00:00,BTC_NAUT,BUY
2016-11-09 12:00:00,BTC_EXP,BUY
2016-11-09 12:00:00,BTC_BTCD,BUY
2016-11-09 12:00:00,BTC_BURST,BUY
2016-11-09 12:00:00,BTC_DGB,BUY
2016-11-09 12:00:00,BTC_FLDC,BUY
2016-11-19 08:00:00,BTC_XPM,SELL
2016-11-19 08:00:00,BTC_DCR,SELL
2016-11-19 08:00:00,BTC_BELA,SELL
2016-11-19 08:00:00,BTC_XEM,SELL
2016-11-19 08:00:00,BTC_NAUT,SELL
2016-11-19 08:00:00,BTC_STEEM,SELL
2016-11-19 08:00:00,BTC_BTM,SELL
2016-11-19 08:00:00,BTC_LBC,SELL
2016-12-02 00:00:00,BTC_PINK,SELL
2016-12-02 00:00:00,BTC_XVC,SELL
2016-12-02 00:00:00,BTC_BTM,SELL
2016-12-02 00:00:00,BTC_EMC2,SELL
2016-12-02 00:00:00,BTC_SJCX,SELL
2016-12-02 00:00:00,BTC_FLO,SELL
2016-12-19 12:00:00,BTC_POT,SELL
2016-12-19 12:00:00,BTC_FLDC,SELL
2016-12-19 12:00:00,BTC_EXP,SELL
2016-12-19 12:00:00,BTC_BURST,SELL
2016-12-19 12:00:00,BTC_BCN,SELL
2016-12-19 12:00:00,BTC_DGB,SELL
2016-12-19 12:00:00,BTC_NAUT,SELL
2016-12-19 12:00:00,BTC_BTCD,SELL
